gene,protein_change,coding_change,genomic_change_hg38,hg38_chr17_coordinates,rsID,coding_change_ref,genomic_change_ref,protein_change_ref_uniprot
TP53,p.T125T,c.375G>A,g.7675994C>T,7675994,rs55863639,NM_000546.5,NC_000017.11,P04637
TP53,p.T125T,c.375G>C,g.7675994C>G,7675994,rs55863639,NM_000546.5,NC_000017.11,P04637
TP53,p.T125T,c.375G>T,g.7675994C>A,7675994,rs55863639,NM_000546.5,NC_000017.11,P04637
TP53,p.M133T,c.398T>C,g.7675214A>G,7675214,rs28934873,NM_000546.5,NC_000017.11,P04637
TP53,p.M133R,c.398T>G,g.7675214A>C,7675214,,NM_000546.5,NC_000017.11,P04637
TP53,Intron 4,c.375+1G>A,g.7675993C>T,7675993,rs1567555445,NM_000546.5,NC_000017.11,P04637
TP53,Intron 4,c.375+1_375+2insN,g.7675992_7675993insN,7675992,,NM_000546.5,NC_000017.11,P04637
TP53,Intron 4,c.375+2T>C,g.7675992A>G,7675992,rs1555526469,NM_000546.5,NC_000017.11,P04637
TP53,Intron 4,c.375+5G>C,g.7675989C>G,7675989,rs1555526466,NM_000546.5,NC_000017.11,P04637
TP53,Intron 4,c.376-2A>G,g.7675238T>C,7675238,rs786202799,NM_000546.5,NC_000017.11,P04637
TP53,Intron 4,c.376-2_376-1insN,g.7675237_7675238insN,7675237,,NM_000546.5,NC_000017.11,P04637
TP53,Intron 4,c.376-1G>A,g.7675237C>T,7675237,rs868137297,NM_000546.5,NC_000017.11,P04637
TP53,Intron 9,c.993+1G>A,g.7673534C>T,7673534,rs11575997,NM_000546.5,NC_000017.11,P04637
TP53,Intron 9,c.993+1del,g.7673534del,7673534,,NM_000546.5,NC_000017.11,P04637
TP53,Intron 9,c.994-1G>C,g.7670716C>G,7670716,rs587782272,NM_000546.5,NC_000017.11,P04637
TP53,Intron 9,c.994-1G>T,g.7670716C>A,7670716,rs587782272,NM_000546.5,NC_000017.11,P04637
TP53,Intron 9,c.993+307C>G,g.7673228G>C,7673228,rs200274944,NM_000546.5,NC_000017.11,P04637
TP53,Intron 9,c.993+309C>T,g.7673226G>A,7673226,rs758194998,NM_000546.5,NC_000017.11,P04637
TP53,Intron 9,c.993+851_1100+280del,g.7670329_7672684del,7672684,,NM_000546.5,NC_000017.11,P04637
TP53,p.P152L,c.455C>T,g.7675157G>A,7675157,rs587782705,NM_000546.5,NC_000017.11,P04637
TP53,p.R158H,c.473G>A,g.7675139C>T,7675139,rs587782144,NM_000546.5,NC_000017.11,P04637
TP53,p.R175H,c.524G>A,g.7675088C>T,7675088,rs28934578,NM_000546.5,NC_000017.11,P04637
TP53,p.G245S,c.733G>A,g.7674230C>T,7674230,rs28934575,NM_000546.5,NC_000017.11,P04637
TP53,p.R282W,c.844C>T,g.7673776G>A,7673776,rs28934574,NM_000546.5,NC_000017.11,P04637
TP53,p.E285K,c.853G>A,g.7673767C>T,7673767,rs112431538,NM_000546.5,NC_000017.11,P04637
TP53,p.M237I,c.711G>A,g.7674252C>T,7674252,rs587782664,NM_000546.5,NC_000017.11,P04637
TP53,p.R158L,c.473G>T,g.7675139C>A,7675139,rs587782144,NM_000546.5,NC_000017.11,P04637